Workbook

Sheet Dhan_Signals
A1: Timestamp | B1: Signal | C1: Confidence | D1: RSI | E1: MACD | F1: Momentum | G1: Volume Ratio | H1: VIX | I1: Sentiment | J1: Writers Zone | K1: Candle Pattern | L1: Spot Price | M1: Market Strength | N1: Put Call Premium Ratio | O1: Writers Confidence | P1: ATM Strike
A2: 2025-07-31T05:17:20.919Z | B2: WAIT | C2: 0 | D2: {"rsi":"44.22","status":"Neutral"} | E2: {"macd":"0.19","signal":"0.19","histogram":"0.00","status":"Neutral"} | J2: NEUTRAL | P2: 24700
A3: 2025-07-31T05:29:32.210Z | B3: WAIT | C3: 0 | D3: {"rsi":"44.22","status":"Neutral"} | E3: {"macd":"0.19","signal":"0.19","histogram":"0.00","status":"Neutral"} | J3: NEUTRAL | P3: 24700
A4: 2025-07-31T05:30:02.529Z | B4: WAIT | C4: 0 | D4: {"rsi":"44.22","status":"Neutral"} | E4: {"macd":"0.19","signal":"0.19","histogram":"0.00","status":"Neutral"} | J4: NEUTRAL | P4: 24700
A5: 2025-07-31T05:35:02.831Z | B5: WAIT | C5: 0 | D5: {"rsi":"44.22","status":"Neutral"} | E5: {"macd":"0.19","signal":"0.19","histogram":"0.00","status":"Neutral"} | J5: NEUTRAL | P5: 24750
A6: 2025-07-31T05:40:02.690Z | B6: WAIT | C6: 0 | D6: {"rsi":"44.22","status":"Neutral"} | E6: {"macd":"0.19","signal":"0.19","histogram":"0.00","status":"Neutral"} | J6: NEUTRAL | P6: 24750
A7: 2025-07-31T05:45:02.529Z | B7: WAIT | C7: 0 | D7: {"rsi":"44.22","status":"Neutral"} | E7: {"macd":"0.19","signal":"0.19","histogram":"0.00","status":"Neutral"} | J7: NEUTRAL | P7: 24750
A8: 2025-07-31T05:50:02.609Z | B8: WAIT | C8: 0 | D8: {"rsi":"44.22","status":"Neutral"} | E8: {"macd":"0.19","signal":"0.19","histogram":"0.00","status":"Neutral"} | J8: NEUTRAL | P8: 24750
A9: 2025-07-31T05:55:02.299Z | B9: WAIT | C9: 0 | D9: {"rsi":"44.22","status":"Neutral"} | E9: {"macd":"0.19","signal":"0.19","histogram":"0.00","status":"Neutral"} | J9: NEUTRAL | P9: 24800
A10: 2025-07-31T18:01:01.161Z | B10: WAIT | C10: 0 | D10: {"rsi":"20.16","status":"Oversold"} | E10: {"macd":"-38.73","signal":"-38.73","histogram":"0.00","status":"Neutral"} | J10: NEUTRAL | P10: 24750
A11: 2025-07-31T18:01:01.161Z | B11: BUY PUT (PE) | C11: -70 | D11: {"rsi":"20.16","status":"Oversold"} | E11: {"macd":"-38.73","signal":"-38.73","histogram":"0.00","status":"Neutral"} | J11: NEUTRAL | P11: 24750
A12: 2025-07-31T18:01:01.161Z | B12: BUY PUT (PE) | C12: -70 | D12: {"rsi":"20.16","status":"Oversold"} | E12: {"macd":"-38.73","signal":"-38.73","histogram":"0.00","status":"Neutral"} | J12: NEUTRAL | P12: 24750
A13: 2025-07-31T18:01:01.161Z | B13: BUY CALL (CE) | C13: 65 | D13: {"rsi":"20.16","status":"Oversold"} | E13: {"macd":"-38.73","signal":"-38.73","histogram":"0.00","status":"Neutral"} | J13: NEUTRAL | P13: 24750
... A19: 2025-07-31T21:33:32.761Z | B19: WAIT | C19: 20 | D19: {"rsi":"20.16","status":"Oversold"} | E19: {"macd":"-38.73","signal":"-38.73","histogram":"0.00","status":"Neutral"} | J19: NEUTRAL | P19: 24750
A20: 2025-07-31T22:16:00.459Z | B20: WAIT | C20: 15 | D20: {"rsi":"20.16","status":"Oversold"} | E20: {"macd":"-38.73","signal":"-38.73","histogram":"0.00","status":"Neutral"} | H20: 11.54 | J20: NEUTRAL | P20: 24750
A21: 2025-07-31T22:16:00.459Z | B21: BUY CALL (CE) | C21: 15 | D21: {"rsi":"20.16","status":"Oversold"} | E21: {"macd":"-38.73","signal":"-38.73","histogram":"0.00","status":"Neutral"} | H21: 11.54 | J21: NEUTRAL | P21: 24750
A22: 2025-07-31T22:31:04.824Z | B22: BUY CALL (CE) | C22: 15 | D22: {"rsi":"20.16","status":"Oversold"} | E22: {"macd":"-38.73","signal":"-38.73","histogram":"0.00","status":"Neutral"} | H22: 11.54 | J22: NEUTRAL | P22: 24750
A23: 2025-07-31T22:32:13.007Z | B23: BUY CALL (CE) | C23: 15 | D23: {"rsi":"20.16","status":"Oversold"} | E23: {"macd":"-38.73","signal":"-38.73","histogram":"0.00","status":"Neutral"} | H23: 11.54 | J23: NEUTRAL | P23: 24750
A24: 2025-07-31T22:32:13.007Z | B24: BUY CALL (CE) | C24: 15 | D24: {"rsi":"20.16","status":"Oversold"} | E24: {"macd":"-38.73","signal":"-38.73","histogram":"0.00","status":"Neutral"} | H24: 11.54 | J24: NEUTRAL | L24: 24768.35 | N24: 1 | O24: 0 | P24: 24750
A25: 2025-07-31T05:09:23.744Z | B25: WAIT | C25: 0 | D25: {"rsi":"44.22","status":"Neutral"} | E25: {"macd":"0.19","signal":"0.19","histogram":"0.00","status":"Neutral"} | J25: NEUTRAL | P25: 24650
A26: 2025-07-31T22:32:13.007Z | B26: BUY CALL (CE) | C26: 15 | D26: 20.16 | E26: -38.73 | H26: 11.54 | J26: NEUTRAL | L26: 24768.35 | N26: 1 | O26: 0 | P26: 24750
A27: 2025-07-31T22:43:34.169Z | B27: BUY CALL (CE) | C27: 15 | D27: 20.16 | E27: -38.73 | H27: 11.54 | J27: NEUTRAL | L27: 24768.35 | N27: 1 | O27: 0 | P27: 24750
A28: 2025-08-01T19:46:48.809Z | B28: WAIT | C28: 5 | D28: 31.59 | E28: -25.04 | H28: 11.97 | J28: NEUTRAL | L28: 24565.35 | N28: 1 | O28: 0 | P28: 24550
A29: 2025-08-01T19:52:19.366Z | B29: WAIT | C29: 5 | D29: 31.59 | E29: -25.04 | H29: 11.97 | J29: NEUTRAL | L29: 24565.35 | N29: 1 | O29: 0 | P29: 24550
A30: 2025-08-01T19:57:06.980Z | B30: WAIT | C30: 5 | D30: 31.59 | E30: -25.04 | H30: 11.97 | J30: NEUTRAL | L30: 24565.35 | N30: 1 | O30: 0 | P30: 24550
A31: 2025-08-01T19:57:06.980Z | B31: WAIT | C31: 5 | D31: 31.59 | E31: -25.04 | H31: 11.97 | J31: NEUTRAL | L31: 24565.35 | N31: 1 | O31: 0 | P31: 24550
A32: 2025-08-01T20:37:31.500Z | B32: WAIT | C32: 5 | D32: 31.59 | E32: -25.04 | H32: 11.97 | J32: NEUTRAL | L32: 24565.35 | N32: 1 | O32: 0 | P32: 24550
A33: 2025-08-01T20:46:27.550Z | B33: WAIT | C33: 5 | D33: 31.59 | E33: -25.04 | H33: 11.97 | J33: NEUTRAL | L33: 24565.35 | N33: 1 | O33: 0 | P33: 24550
A34: 2025-08-01T20:58:51.131Z | B34: WAIT | C34: 5 | D34: 31.59 | E34: -25.04 | H34: 11.97 | J34: NEUTRAL | L34: 24565.35 | N34: 1 | O34: 0 | P34: 24550
A35: 2025-08-01T21:41:37.037Z | B35: WAIT | C35: 5 | D35: 31.59 | E35: -25.04 | H35: 11.97 | J35: NEUTRAL | L35: 24565.35 | N35: 1 | O35: 0 | P35: 24550
A36: 2025-08-01T21:59:58.866Z | B36: BUY CALL (CE) | C36: 5 | D36: 31.59 | E36: -25.04 | H36: 11.97 | J36: NEUTRAL | L36: 24565.35 | N36: 1 | O36: 0 | P36: 24550
A37: 2025-08-01T22:02:54.897Z | B37: BUY CALL (CE) | C37: 5 | D37: 31.59 | E37: -25.04 | H37: 11.97 | J37: NEUTRAL | L37: 24565.35 | N37: 1 | O37: 0 | P37: 24550
... A47: 2025-08-02T20:17:13.439Z | B47: BUY CALL (CE) | C47: 5 | D47: 31.59 | E47: -25.04 | H47: 11.97 | J47: NEUTRAL | L47: 24565.35 | N47: 1 | O47: 0 | P47: 24550
A48: 2025-08-03T04:48:14.477Z | B48: BUY CALL (CE) | C48: 30 | D48: 0 | E48: 0.00 | H48: 11.97 | J48: NEUTRAL | L48: 24565.35 | N48: 1 | O48: 0 | P48: 24550
A49: 2025-08-03T04:49:03.549Z | B49: BUY CALL (CE) | C49: 30 | D49: 0 | E49: 0.00 | H49: 11.97 | J49: NEUTRAL | L49: 24565.35 | N49: 1 | O49: 0 | P49: 24550
A50: 2025-08-03T04:49:19.922Z | B50: BUY CALL (CE) | C50: 30 | D50: 0 | E50: 0.00 | H50: 11.97 | J50: NEUTRAL | L50: 24565.35 | N50: 1 | O50: 0 | P50: 24550
A51: 2025-08-03T04:51:16.004Z | B51: BUY CALL (CE) | C51: 30 | D51: 0 | E51: 0.00 | H51: 11.97 | J51: NEUTRAL | L51: 24565.35 | N51: 1 | O51: 0 | P51: 24550
A52: 2025-08-03T04:53:03.995Z | B52: BUY CALL (CE) | C52: 30 | D52: 0 | E52: 0.00 | H52: 11.97 | J52: NEUTRAL | L52: 24565.35 | N52: 1 | O52: 0 | P52: 24550
A53: 2025-08-03T04:53:03.995Z | B53: BUY CALL (CE) | C53: 30 | D53: 0 | E53: 0.00 | H53: 11.97 | J53: NEUTRAL | L53: 24565.35 | N53: 1 | O53: 0 | P53: 24550
A54: 2025-08-03T06:36:32.753Z | B54: BUY CALL (CE) | C54: 30 | D54: 0 | E54: 0.00 | H54: 11.97 | J54: NEUTRAL | L54: 24565.35 | N54: 1 | O54: 0 | P54: 24550
A55: 2025-08-03T07:41:02.772Z | B55: BUY CALL (CE) | C55: 30 | D55: 0 | E55: 0.00 | H55: 11.97 | J55: NEUTRAL | L55: 24565.35 | N55: 1 | O55: 0 | P55: 24550
A56: 2025-08-03T08:46:34.597Z | B56: BUY CALL (CE) | C56: 30 | D56: 0 | E56: 0.00 | H56: 11.97 | J56: NEUTRAL | L56: 24565.35 | N56: 1 | O56: 0 | P56: 24550
A57: 2025-08-03T23:20:57.303Z | B57: BUY CALL (CE) | C57: 25 | D57: 0 | E57: 0.00 | H57: 11.97 | J57: NEUTRAL | L57: 24565.35 | N57: 1 | O57: 0 | P57: 24550
A58: 2025-08-03T23:26:17.386Z | B58: BUY CALL (CE) | C58: 25 | D58: 0 | E58: 0.00 | H58: 11.97 | J58: NEUTRAL | L58: 24565.35 | N58: 1 | O58: 0 | P58: 24550
A59: 2025-08-03T23:28:15.451Z | B59: BUY CALL (CE) | C59: 25 | D59: 0 | E59: 0.00 | H59: 11.97 | J59: NEUTRAL | L59: 24565.35 | N59: 1 | O59: 0 | P59: 24550
... A74: 2025-08-04T04:45:09.738Z | B74: BUY CALL (CE) | C74: 10 | D74: 0 | E74: 11.78 | H74: 12.42 | J74: NEUTRAL | L74: 24626.3 | N74: 1 | O74: 0 | P74: 24650
A75: 2025-08-04T04:50:10.792Z | B75: BUY CALL (CE) | C75: 15 | D75: 66.01 | E75: 12.69 | H75: 12.37 | J75: NEUTRAL | L75: 24632.65 | N75: 1 | O75: 0 | P75: 24650
A76: 2025-08-04T04:55:08.907Z | B76: BUY CALL (CE) | C76: 10 | D76: 52.04 | E76: 14.44 | H76: 12.34 | J76: NEUTRAL | L76: 24647.95 | N76: 1 | O76: 0 | P76: 24650
A77: 2025-08-04T05:00:10.268Z | B77: BUY CALL (CE) | C77: 20 | D77: 41.35 | E77: 11.09 | H77: 12.46 | J77: NEUTRAL | L77: 24622.4 | N77: 1 | O77: 0 | P77: 24600
A78: 2025-08-04T05:05:11.003Z | B78: BUY CALL (CE) | C78: 10 | D78: 42.04 | E78: 12.34 | H78: 12.37 | J78: NEUTRAL | L78: 24637.75 | N78: 1 | O78: 0 | P78: 24650
A79: 2025-08-04T05:10:12.622Z | B79: BUY CALL (CE) | C79: 10 | D79: 48.46 | E79: 14.42 | H79: 12.32 | J79: NEUTRAL | L79: 24649.5 | N79: 1 | O79: 0 | P79: 24650
A80: 2025-08-04T05:15:10.949Z | B80: BUY CALL (CE) | C80: 10 | D80: 47.67 | E80: 13.51 | H80: 12.34 | J80: NEUTRAL | L80: 24642.85 | N80: 1 | O80: 0 | P80: 24650
A81: 2025-08-04T05:20:10.009Z | B81: BUY CALL (CE) | C81: 0 | D81: 54.94 | E81: 9.18 | H81: 12.42 | J81: NEUTRAL | L81: 24618.1 | N81: 1 | O81: 0 | P81: 24600
A82: 2025-08-04T05:25:10.348Z | B82: BUY CALL (CE) | C82: 5 | D82: 56.76 | E82: 9.30 | H82: 12.40 | J82: NEUTRAL | L82: 24621.95 | N82: 1 | O82: 0 | P82: 24600
A83: 2025-08-04T05:30:09.572Z | B83: BUY CALL (CE) | C83: 0 | D83: 55.90 | E83: 8.43 | H83: 12.38 | J83: NEUTRAL | L83: 24625.95 | N83: 1 | O83: 0 | P83: 24650
A84: 2025-08-04T05:35:10.836Z | B84: BUY CALL (CE) | C84: 15 | D84: 63.74 | E84: 12.71 | H84: 12.34 | J84: NEUTRAL | L84: 24653.45 | N84: 1 | O84: 0 | P84: 24650
A85: 2025-08-04T05:45:28.079Z | B85: BUY CALL (CE) | C85: 15 | D85: 60.19 | E85: 14.39 | H85: 12.33 | J85: NEUTRAL | L85: 24665.3 | N85: 1 | O85: 0 | P85: 24650
A86: 2025-08-04T05:50:14.963Z | B86: BUY CALL (CE) | C86: 25 | D86: 60.96 | E86: 7.15 | H86: 12.37 | J86: NEUTRAL | L86: 24666.8 | N86: 1 | O86: 0 | P86: 24650
... A160: 2025-08-06T21:03:41.979Z | B160: BUY CALL (CE) | C160: 0 | D160: 40.86 | E160: -7.77 | H160: 11.96 | J160: NEUTRAL | L160: 24574.2 | N160: 1 | O160: 0 | P160: 24550
A161: 2025-08-06T21:13:04.042Z | B161: BUY PUT (PE) | C161: -10 | D161: 40.86 | E161: -7.77 | G161: Weak Volume | H161: 11.96 | J161: NEUTRAL | K161: Bearish Engulfing | L161: 24574.2 | N161: 1 | O161: 0 | P161: 24550
A162: 2025-08-06T21:17:57.037Z | B162: BUY PUT (PE) | C162: -10 | D162: 40.86 | E162: -7.77 | G162: Weak Volume | H162: 11.96 | J162: NEUTRAL | K162: Bearish Engulfing | L162: 24574.2 | N162: 1 | O162: 0 | P162: 24550
A163: 2025-08-06T21:18:35.416Z | B163: BUY PUT (PE) | C163: -10 | D163: 40.86 | E163: -7.77 | G163: Weak Volume | H163: 11.96 | J163: NEUTRAL | K163: Bearish Engulfing | L163: 24574.2 | N163: 1 | O163: 0 | P163: 24550
A164: 2025-08-06T21:21:19.486Z | B164: BUY PUT (PE) | C164: -10 | D164: 40.86 | E164: -7.77 | G164: Weak Volume | H164: 11.96 | J164: NEUTRAL | K164: Bearish Engulfing | L164: 24574.2 | N164: 1 | O164: 0 | P164: 24550
A165: 2025-08-06T21:23:36.686Z | B165: BUY PUT (PE) | C165: -10 | D165: 40.86 | E165: -7.77 | G165: Weak Volume | H165: 11.96 | J165: NEUTRAL | K165: Bearish Engulfing | L165: 24574.2 | N165: 1 | O165: 0 | P165: 24550
A166: 2025-08-06T21:24:51.236Z | B166: BUY PUT (PE) | C166: -10 | D166: 40.86 | E166: -7.77 | G166: Weak Volume | H166: 11.96 | J166: NEUTRAL | K166: Bearish Engulfing | L166: 24574.2 | N166: 1 | O166: 0 | P166: 24550
A167: 2025-08-06T21:24:51.236Z | B167: BUY PUT (PE) | C167: -10 | D167: 40.86 | E167: -7.77 | H167: 11.96 | J167: NEUTRAL | K167: Bearish Engulfing | L167: 24574.2 | N167: 1 | O167: 0 | P167: 24550
A168: 2025-08-06T21:30:25.032Z | B168: BUY PUT (PE) | C168: -10 | D168: 40.86 | E168: -7.77 | H168: 11.96 | J168: NEUTRAL | K168: Bearish Engulfing | L168: 24574.2 | N168: 1 | O168: 0 | P168: 24550
A169: 2025-08-06T21:42:49.686Z | B169: BUY PUT (PE) | C169: -10 | D169: 40.86 | E169: -7.77 | H169: 11.96 | J169: NEUTRAL | K169: Bearish Engulfing | L169: 24574.2 | N169: 1 | O169: 0 | P169: 24550
A170: 2025-08-07T03:50:18.873Z | B170: BUY PUT (PE) | C170: -12 | D170: 29.27 | E170: -15.60 | H170: 11.92 | J170: NEUTRAL | K170: Bearish Marubozu | L170: 24521 | N170: 1 | O170: 0 | P170: 24500
A171: 2025-08-07T04:00:16.211Z | B171: BUY CALL (CE) | C171: 2 | D171: 39.21 | E171: -18.52 | H171: 11.77 | J171: NEUTRAL | K171: Bullish Marubozu | L171: 24525.3 | N171: 1 | O171: 0 | P171: 24550
A172: 2025-08-07T04:05:13.446Z | B172: BUY PUT (PE) | C172: -12 | D172: 37.27 | E172: -18.79 | H172: 11.76 | J172: NEUTRAL | K172: Bearish Marubozu | L172: 24520.1 | N172: 1 | O172: 0 | P172: 24500
A173: 2025-08-07T04:10:11.844Z | B173: BUY PUT (PE) | C173: -12 | D173: 34.84 | E173: -18.74 | H173: 11.80 | J173: NEUTRAL | K173: Bearish Marubozu | L173: 24516.9 | N173: 1 | O173: 0 | P173: 24500
A174: 2025-08-07T04:15:11.111Z | B174: BUY PUT (PE) | C174: -2 | D174: 26.57 | E174: -20.74 | H174: 11.79 | J174: NEUTRAL | K174: Bearish Marubozu | L174: 24504.65 | N174: 1 | O174: 0 | P174: 24500
A175: 2025-08-07T04:20:11.403Z | B175: BUY CALL (CE) | C175: 8 | D175: 28.34 | E175: -20.58 | H175: 11.80 | J175: NEUTRAL | K175: Bearish Marubozu | L175: 24502.35 | N175: 1 | O175: 0 | P175: 24500
A176: 2025-08-07T04:25:10.537Z | B176: BUY CALL (CE) | C176: 13 | D176: 29.51 | E176: -21.25 | H176: 11.81 | J176: NEUTRAL | K176: Bearish Marubozu | L176: 24502.4 | N176: 1 | O176: 0 | P176: 24500
A177: 2025-08-07T04:30:11.082Z | B177: BUY CALL (CE) | C177: 12 | D177: 19.93 | E177: -23.16 | H177: 11.92 | J177: NEUTRAL | K177: Bullish Marubozu | L177: 24481.3 | N177: 1 | O177: 0 | P177: 24500
A178: 2025-08-07T04:35:13.976Z | B178: BUY CALL (CE) | C178: 8 | D178: 19.78 | E178: -25.44 | H178: 11.90 | J178: NEUTRAL | K178: Bearish Marubozu | L178: 24478.9 | N178: 1 | O178: 0 | P178: 24500
... A301: 2025-08-08T09:50:12.986Z | B301: BUY PUT (PE) | C301: -5 | D301: 25.99 | E301: -20.35 | H301: 12.10 | J301: NEUTRAL | K301: Doji | L301: 24347.2 | N301: 1 | O301: 0 | P301: 24350
A302: end of the day
A303: 2025-08-09T16:29:33.927Z | B303: BUY CALL (CE) | C303: 2 | D303: 33.91 | E303: -27.71 | F303: FIFTEEN MINS CANDLES. | G303: Weak Volume | H303: 12.03 | I303: BALANCED | J303: NEUTRAL | K303: Doji | L303: 24363.3 | N303: 1 | O303: 0 | P303: 24350

Sheet Dhan_Active_Trades
A1: Entry Order ID | B1: SL Order ID | C1: Target Order ID | D1: Trading Symbol | E1: Security ID | F1: Entry Price | G1: Stop Loss | H1: Target | I1: Quantity | J1: Risk Reward Ratio | K1: Max Loss | L1: Max Profit | M1: Status | N1: Timestamp | O1: Exit Type | P1: Exit Price | Q1: PnL | R1: Actual Risk Reward | S1: Exit Timestamp | T1: Execution Time

Sheet Dhan_Trade_Summary
A1: Entry Order ID | B1: Timestamp | C1: Signal | D1: Confidence | E1: Trading Symbol | F1: Entry Price | G1: Stop Loss | H1: Target | I1: Quantity | J1: Risk Reward Ratio | K1: Max Loss | L1: Max Profit | M1: Writers Zone | N1: Market Strength | O1: VIX | P1: Status | Q1: Exit Price | R1: PnL | S1: Exit Type | T1: Actual Risk Reward | U1: Exit Timestamp

Sheet Dhan_Performance_Log
A1: Date | B1: Session Executions | C1: Session PnL | D1: Target Hits | E1: Stop Loss Hits | F1: Average PnL | G1: Win Rate | H1: Profit Factor | I1: Max Drawdown | J1: Last Update | K1: Total Trades | L1: Win Rate | M1: Total PnL | N1: Avg PnL
K2: =COUNTA(Dhan_Trade_Summary!A:A)-1 -> 0 | L2: =COUNTIFS(Dhan_Trade_Summary!R:R,">0")/COUNTA(Dhan_Trade_Summary!A:A)-1 -> -1 | M2: =SUM(Dhan_Trade_Summary!R:R) -> 0 | N2: =AVERAGE(Dhan_Trade_Summary!R:R) -> #DIV/0!
K3: =COUNTA(Dhan_Trade_Summary!A:A)-1 -> 0 | L3: =COUNTIFS(Dhan_Trade_Summary!R:R,">0")/COUNTA(Dhan_Trade_Summary!A:A)-1 -> -1 | M3: =SUM(Dhan_Trade_Summary!R:R) -> 0 | N3: =AVERAGE(Dhan_Trade_Summary!R:R) -> #DIV/0!
K4: =COUNTA(Dhan_Trade_Summary!A:A)-1 -> 0 | L4: =COUNTIFS(Dhan_Trade_Summary!R:R,">0")/COUNTA(Dhan_Trade_Summary!A:A)-1 -> -1 | M4: =SUM(Dhan_Trade_Summary!R:R) -> 0 | N4: =AVERAGE(Dhan_Trade_Summary!R:R) -> #DIV/0!
K5: =COUNTA(Dhan_Trade_Summary!A:A)-1 -> 0 | L5: =COUNTIFS(Dhan_Trade_Summary!R:R,">0")/COUNTA(Dhan_Trade_Summary!A:A)-1 -> -1 | M5: =SUM(Dhan_Trade_Summary!R:R) -> 0 | N5: =AVERAGE(Dhan_Trade_Summary!R:R) -> #DIV/0!
K6: =COUNTA(Dhan_Trade_Summary!A:A)-1 -> 0 | L6: =COUNTIFS(Dhan_Trade_Summary!R:R,">0")/COUNTA(Dhan_Trade_Summary!A:A)-1 -> -1 | M6: =SUM(Dhan_Trade_Summary!R:R) -> 0 | N6: =AVERAGE(Dhan_Trade_Summary!R:R) -> #DIV/0!
K7: =COUNTA(Dhan_Trade_Summary!A:A)-1 -> 0 | L7: =COUNTIFS(Dhan_Trade_Summary!R:R,">0")/COUNTA(Dhan_Trade_Summary!A:A)-1 -> -1 | M7: =SUM(Dhan_Trade_Summary!R:R) -> 0 | N7: =AVERAGE(Dhan_Trade_Summary!R:R) -> #DIV/0!
K8: =COUNTA(Dhan_Trade_Summary!A:A)-1 -> 0 | L8: =COUNTIFS(Dhan_Trade_Summary!R:R,">0")/COUNTA(Dhan_Trade_Summary!A:A)-1 -> -1 | M8: =SUM(Dhan_Trade_Summary!R:R) -> 0 | N8: =AVERAGE(Dhan_Trade_Summary!R:R) -> #DIV/0!
K9: =COUNTA(Dhan_Trade_Summary!A:A)-1 -> 0 | L9: =COUNTIFS(Dhan_Trade_Summary!R:R,">0")/COUNTA(Dhan_Trade_Summary!A:A)-1 -> -1 | M9: =SUM(Dhan_Trade_Summary!R:R) -> 0 | N9: =AVERAGE(Dhan_Trade_Summary!R:R) -> #DIV/0!
K10: =COUNTA(Dhan_Trade_Summary!A:A)-1 -> 0 | L10: =COUNTIFS(Dhan_Trade_Summary!R:R,">0")/COUNTA(Dhan_Trade_Summary!A:A)-1 -> -1 | M10: =SUM(Dhan_Trade_Summary!R:R) -> 0 | N10: =AVERAGE(Dhan_Trade_Summary!R:R) -> #DIV/0!
K11: =COUNTA(Dhan_Trade_Summary!A:A)-1 -> 0 | L11: =COUNTIFS(Dhan_Trade_Summary!R:R,">0")/COUNTA(Dhan_Trade_Summary!A:A)-1 -> -1 | M11: =SUM(Dhan_Trade_Summary!R:R) -> 0 | N11: =AVERAGE(Dhan_Trade_Summary!R:R) -> #DIV/0!
K12: =COUNTA(Dhan_Trade_Summary!A:A)-1 -> 0 | L12: =COUNTIFS(Dhan_Trade_Summary!R:R,">0")/COUNTA(Dhan_Trade_Summary!A:A)-1 -> -1 | M12: =SUM(Dhan_Trade_Summary!R:R) -> 0 | N12: =AVERAGE(Dhan_Trade_Summary!R:R) -> #DIV/0!
K13: =COUNTA(Dhan_Trade_Summary!A:A)-1 -> 0 | L13: =COUNTIFS(Dhan_Trade_Summary!R:R,">0")/COUNTA(Dhan_Trade_Summary!A:A)-1 -> -1 | M13: =SUM(Dhan_Trade_Summary!R:R) -> 0 | N13: =AVERAGE(Dhan_Trade_Summary!R:R) -> #DIV/0!
... K343: =COUNTA(Dhan_Trade_Summary!A:A)-1 -> 0 | L343: =COUNTIFS(Dhan_Trade_Summary!R:R,">0")/COUNTA(Dhan_Trade_Summary!A:A)-1 -> -1 | M343: =SUM(Dhan_Trade_Summary!R:R) -> 0 | N343: =AVERAGE(Dhan_Trade_Summary!R:R) -> #DIV/0!

Sheet Dhan_Alert_Log
A1: Timestamp | B1: Alert Type | C1: Severity | D1: Message | E1: PnL | F1: Trading Symbol | G1: Action Taken | H1: Resolution Status
